frame_seq,t_sent_ns,t_recv_ns,latency_ns
0,1777235533245069111,1777235533259165905,14096794
1,1777235533343803814,1777235533356740546,12936732
2,1777235533446521213,1777235533480920650,34399437
3,1777235533558820032,1777235533562033253,3213221
4,1777235533653561751,1777235533656088057,2526306
5,1777235533748528986,1777235533761292039,12763053
6,1777235533848925413,1777235533861506018,12580605
7,1777235533948421352,1777235533960901354,12480002
8,1777235534044364938,1777235534057449643,13084705
9,1777235534144198980,1777235534157309254,13110274
10,1777235534249604214,1777235534251827504,2223290
11,1777235534350112391,1777235534362183231,12070840
12,1777235534445626983,1777235534448639299,3012316
13,1777235534547149853,1777235534549621160,2471307
14,1777235534644450306,1777235534646995093,2544787
15,1777235534746043681,1777235534758740317,12696636
16,1777235534847781705,1777235534883381764,35600059
17,1777235534950938157,1777235534953598692,2660535
18,1777235535046242609,1777235535058797305,12554696
19,1777235535145400342,1777235535148634211,3233869
20,1777235535246322642,1777235535248718988,2396346
21,1777235535345794981,1777235535348897832,3102851
22,1777235535452525684,1777235535455026957,2501273
23,1777235535554033842,1777235535556222246,2188404
24,1777235535645283019,1777235535657916483,12633464
25,1777235535750207642,1777235535753146372,2938730
26,1777235535844829072,1777235535847944414,3115342
27,1777235535947285964,1777235535950112689,2826725
28,1777235536059299741,1777235536061754634,2454893
29,1777235536144627671,1777235536157423754,12796083
30,1777235536245560881,1777235536281080015,35519134
31,1777235536344107255,1777235536346597732,2490477
32,1777235536445531859,1777235536448483247,2951388
33,1777235536543841571,1777235536556690104,12848533
34,1777235536652398460,1777235536654542257,2143797
35,1777235536744645131,1777235536747284090,2638959
36,1777235536852573146,1777235536854256236,1683090
37,1777235536945716186,1777235536948373818,2657632
38,1777235537043778276,1777235537056096068,12317792
39,1777235537145444077,1777235537147979183,2535106
40,1777235537245741224,1777235537248175019,2433795
41,1777235537348914900,1777235537351234644,2319744
42,1777235537441853020,1777235537454375723,12522703
43,1777235537544918104,1777235537559604544,14686440
44,1777235537644045513,1777235537656776393,12730880
45,1777235537744888000,1777235537757541444,12653444
46,1777235537844802607,1777235537847170100,2367493
47,1777235537945485444,1777235537947684217,2198773
48,1777235538045914736,1777235538048576721,2661985
49,1777235538146292952,1777235538149274654,2981702
50,1777235538243717940,1777235538246372695,2654755
51,1777235538345438111,1777235538348537942,3099831
52,1777235538446044001,1777235538449046203,3002202
53,1777235538545364161,1777235538547505962,2141801
54,1777235538645564435,1777235538647528790,1964355
55,1777235538746018667,1777235538758983708,12965041
56,1777235538844169224,1777235538857180508,13011284
57,1777235538944864549,1777235538957234317,12369768
58,1777235539045126972,1777235539047583054,2456082
59,1777235539144493064,1777235539146922822,2429758
60,1777235539245804128,1777235539248662493,2858365
61,1777235539344542753,1777235539347478013,2935260
62,1777235539444965098,1777235539458031645,13066547
63,1777235539546077437,1777235539558497019,12419582
64,1777235539643005729,1777235539645534137,2528408
65,1777235539744245077,1777235539746471413,2226336
66,1777235539844097454,1777235539856277463,12180009
67,1777235539944303262,1777235539957110799,12807537
68,1777235540045514228,1777235540068461018,22946790
69,1777235540142684577,1777235540156258008,13573431
70,1777235540243767222,1777235540245877481,2110259
71,1777235540343792543,1777235540346844015,3051472
72,1777235540444214845,1777235540457287204,13072359
73,1777235540547158857,1777235540549818067,2659210
74,1777235540645018282,1777235540647775432,2757150
75,1777235540759252731,1777235540762005473,2752742
76,1777235540853566679,1777235540856720641,3153962
77,1777235540957671760,1777235540960570561,2898801
78,1777235541059614969,1777235541062535409,2920440
79,1777235541157456236,1777235541159748846,2292610
80,1777235541253436798,1777235541255643859,2207061
81,1777235541362463794,1777235541403742485,41278691
82,1777235541454011417,1777235541457142962,3131545
83,1777235541547157280,1777235541560452265,13294985
84,1777235541654081604,1777235541656853724,2772120
85,1777235541748636829,1777235541750867475,2230646
86,1777235541845945446,1777235541849051018,3105572
87,1777235541944753469,1777235541947599921,2846452
88,1777235542044336959,1777235542056891861,12554902
89,1777235542145385631,1777235542158146010,12760379
90,1777235542253569267,1777235542256841456,3272189
91,1777235542351451170,1777235542363562005,12110835
92,1777235542449137113,1777235542451598913,2461800
93,1777235542552276967,1777235542554758470,2481503
94,1777235542663710006,1777235542667528200,3818194
95,1777235542755814464,1777235542759226682,3412218
96,1777235542854673589,1777235542866936272,12262683
97,1777235542955817185,1777235542958914189,3097004
98,1777235543057399387,1777235543060263743,2864356
99,1777235543146874826,1777235543149544160,2669334
100,1777235543245011732,1777235543257604329,12592597
101,1777235543344601964,1777235543357372238,12770274
102,1777235543444773004,1777235543457509315,12736311
103,1777235543544377040,1777235543557089825,12712785
104,1777235543645168030,1777235543657780194,12612164
105,1777235543744723674,1777235543757625172,12901498
106,1777235543844551025,1777235543847082013,2530988
107,1777235543944943132,1777235543947689065,2745933
108,1777235544052989430,1777235544055435394,2445964
109,1777235544143680206,1777235544147394598,3714392
110,1777235544255918775,1777235544259150348,3231573
111,1777235544346220680,1777235544348931346,2710666
112,1777235544455498704,1777235544457845219,2346515
113,1777235544544264892,1777235544547142460,2877568
114,1777235544656765549,1777235544659811322,3045773
115,1777235544752890981,1777235544765450631,12559650
116,1777235544845228162,1777235544868628787,23400625
117,1777235544945519818,1777235544961559181,16039363
118,1777235545045497517,1777235545048165748,2668231
119,1777235545143602929,1777235545156784190,13181261
120,1777235545244330327,1777235545246451315,2120988
121,1777235545344145428,1777235545356765753,12620325
122,1777235545446500260,1777235545475335349,28835089
123,1777235545546256051,1777235545548460949,2204898
124,1777235545646771872,1777235545650143923,3372051
125,1777235545745199551,1777235545747743372,2543821
126,1777235545844734412,1777235545847192127,2457715
127,1777235545945190379,1777235545958635652,13445273
128,1777235546045441679,1777235546048277745,2836066
129,1777235546149413277,1777235546162127884,12714607
130,1777235546242855508,1777235546245402229,2546721
131,1777235546352817248,1777235546355373303,2556055
132,1777235546445168012,1777235546447509823,2341811
133,1777235546544696086,1777235546547041288,2345202
134,1777235546643664689,1777235546657156257,13491568
135,1777235546745717150,1777235546759252372,13535222
136,1777235546844928397,1777235546858572078,13643681
137,1777235546945599422,1777235546948126496,2527074
138,1777235547043757913,1777235547056783509,13025596
139,1777235547146035888,1777235547158956992,12921104
140,1777235547244071170,1777235547246672701,2601531
141,1777235547347979429,1777235547360611326,12631897
142,1777235547444297536,1777235547457077819,12780283
143,1777235547545027072,1777235547547013877,1986805
144,1777235547644161160,1777235547656928607,12767447
145,1777235547744597378,1777235547757379763,12782385
146,1777235547843310097,1777235547845435970,2125873
147,1777235547945134927,1777235547957323490,12188563
148,1777235548042760387,1777235548065798430,23038043
149,1777235548144019824,1777235548156958600,12938776
150,1777235548250006306,1777235548262002021,11995715
151,1777235548346144474,1777235548358568801,12424327
152,1777235548444668940,1777235548457867988,13199048
153,1777235548544537921,1777235548557343074,12805153
154,1777235548644756764,1777235548657403013,12646249
155,1777235548744393454,1777235548746503705,2110251
156,1777235548845739002,1777235548848482281,2743279
157,1777235548948646858,1777235548950781417,2134559
158,1777235549044607000,1777235549046777666,2170666
159,1777235549144447023,1777235549146886767,2439744
160,1777235549244193522,1777235549246814604,2621082
161,1777235549346121002,1777235549359483632,13362630
162,1777235549444758231,1777235549458948684,14190453
163,1777235549543825467,1777235549546857967,3032500
164,1777235549644966846,1777235549647238946,2272100
165,1777235549744464788,1777235549746591860,2127072
166,1777235549842683432,1777235549845378029,2694597
167,1777235549945054500,1777235549948073926,3019426
168,1777235550046737484,1777235550049108130,2370646
169,1777235550145570323,1777235550158441006,12870683
170,1777235550245453769,1777235550247822840,2369071
171,1777235550345335701,1777235550358442991,13107290
172,1777235550445656845,1777235550448020197,2363352
173,1777235550545555994,1777235550548377195,2821201
174,1777235550645268125,1777235550658476632,13208507
175,1777235550745698545,1777235550748795855,3097310
176,1777235550843593502,1777235550848610604,5017102
177,1777235550951493758,1777235550954126697,2632939
178,1777235551047932785,1777235551050658501,2725716
179,1777235551144476882,1777235551146642638,2165756
180,1777235551244376399,1777235551247083765,2707366
181,1777235551343948000,1777235551346439110,2491110
182,1777235551444957903,1777235551447430930,2473027
183,1777235551544431239,1777235551557171063,12739824
184,1777235551644143095,1777235551646660238,2517143
185,1777235551745267559,1777235551747783053,2515494
186,1777235551845934028,1777235551848119222,2185194
187,1777235551945518104,1777235551958415004,12896900
188,1777235552045836139,1777235552058548603,12712464
189,1777235552145375900,1777235552179512377,34136477
190,1777235552244023462,1777235552246756444,2732982
191,1777235552344661256,1777235552357157307,12496051
192,1777235552444018577,1777235552446596323,2577746
193,1777235552549115461,1777235552550943784,1828323
194,1777235552644874059,1777235552647261697,2387638
195,1777235552744271050,1777235552746968654,2697604
196,1777235552846027723,1777235552848399243,2371520
197,1777235552944438597,1777235552946744000,2305403
198,1777235553042721365,1777235553045732117,3010752
199,1777235553144335841,1777235553146345860,2010019
200,1777235553243273881,1777235553245865593,2591712
201,1777235553344638253,1777235553347481978,2843725
202,1777235553442579463,1777235553445158824,2579361
203,1777235553544167578,1777235553558159327,13991749
204,1777235553643788001,1777235553656481544,12693543
205,1777235553744882741,1777235553757939665,13056924
206,1777235553842402256,1777235553855185805,12783549
207,1777235553944695319,1777235553947245341,2550022
208,1777235554044293895,1777235554057199630,12905735
209,1777235554144544967,1777235554156965892,12420925
210,1777235554248893164,1777235554251372937,2479773
211,1777235554353447660,1777235554356047613,2599953
212,1777235554451013361,1777235554463407598,12394237
213,1777235554544726514,1777235554557949616,13223102
214,1777235554644133777,1777235554656745801,12612024
215,1777235554743700314,1777235554756515384,12815070
216,1777235554844889648,1777235554871520241,26630593
217,1777235554944071064,1777235554946128791,2057727
218,1777235555042732693,1777235555045295840,2563147
219,1777235555144627965,1777235555157061580,12433615
220,1777235555244695227,1777235555257351013,12655786
221,1777235555342788135,1777235555355453484,12665349
222,1777235555445473827,1777235555458459237,12985410
223,1777235555545505191,1777235555558426228,12921037
224,1777235555643792878,1777235555646511460,2718582
225,1777235555744155525,1777235555746576220,2420695
226,1777235555844143776,1777235555846582347,2438571
227,1777235555943963644,1777235555957033909,13070265
228,1777235556044473614,1777235556047303722,2830108
229,1777235556149256618,1777235556161622251,12365633
230,1777235556243942502,1777235556247463690,3521188
231,1777235556351540667,1777235556364284155,12743488
232,1777235556445119355,1777235556457592879,12473524
233,1777235556544543569,1777235556547126573,2583004
234,1777235556643935385,1777235556646461789,2526404
235,1777235556751917694,1777235556764406296,12488602
236,1777235556844863350,1777235556846875734,2012384
237,1777235556943560007,1777235556956101462,12541455
238,1777235557043949193,1777235557056508163,12558970
239,1777235557143233670,1777235557146069142,2835472
240,1777235557244460341,1777235557246974389,2514048
241,1777235557345245842,1777235557347668891,2423049
242,1777235557444056016,1777235557446414724,2358708
243,1777235557546297554,1777235557548983910,2686356
244,1777235557644555042,1777235557657894895,13339853
245,1777235557745770942,1777235557758728222,12957280
246,1777235557844492907,1777235557857115695,12622788
247,1777235557945470425,1777235557947739461,2269036
248,1777235558045414371,1777235558058295529,12881158
249,1777235558145348102,1777235558158320383,12972281
250,1777235558248765406,1777235558251160741,2395335
251,1777235558346533601,1777235558358915658,12382057
252,1777235558446266378,1777235558448662731,2396353
253,1777235558550612296,1777235558552700695,2088399
254,1777235558644742164,1777235558647096559,2354395
255,1777235558744645854,1777235558746843576,2197722
256,1777235558847113351,1777235558860950353,13837002
257,1777235558944888363,1777235558958570327,13681964
258,1777235559043823364,1777235559056680345,12856981
259,1777235559144839761,1777235559157437106,12597345
260,1777235559244559577,1777235559257215718,12656141
261,1777235559348018730,1777235559360614184,12595454
262,1777235559445103779,1777235559447470256,2366477
263,1777235559544661827,1777235559557723855,13062028
264,1777235559644874368,1777235559657861100,12986732
265,1777235559743260762,1777235559756431285,13170523
266,1777235559844886770,1777235559857692005,12805235
267,1777235559944590768,1777235559957170518,12579750
268,1777235560045412041,1777235560047794601,2382560
269,1777235560145185195,1777235560147802648,2617453
270,1777235560251424183,1777235560255049566,3625383
271,1777235560352947254,1777235560355493260,2546006
272,1777235560454560825,1777235560457499933,2939108
273,1777235560545025690,1777235560548139161,3113471
274,1777235560651400277,1777235560663893331,12493054
275,1777235560746777000,1777235560759790997,13013997
276,1777235560847623466,1777235560850763612,3140146
277,1777235560945566403,1777235560948362055,2795652
278,1777235561045015571,1777235561047669366,2653795
279,1777235561151164619,1777235561153214845,2050226
280,1777235561244812250,1777235561247360175,2547925
281,1777235561344673202,1777235561346988974,2315772
282,1777235561444290942,1777235561446199195,1908253
283,1777235561545734222,1777235561559963355,14229133
284,1777235561646494592,1777235561659152199,12657607
285,1777235561744685749,1777235561757296750,12611001
286,1777235561844042943,1777235561846036513,1993570
287,1777235561944443801,1777235561956916489,12472688
288,1777235562050167089,1777235562052508597,2341508
289,1777235562153077470,1777235562155465462,2387992
290,1777235562253074720,1777235562265514220,12439500
291,1777235562346936867,1777235562359965191,13028324
292,1777235562444395896,1777235562457314038,12918142
293,1777235562544904137,1777235562547650133,2745996
294,1777235562651152245,1777235562663297289,12145044
295,1777235562744874895,1777235562757604617,12729722
296,1777235562853850609,1777235562881266102,27415493
297,1777235562955246608,1777235562967696139,12449531
298,1777235563045275974,1777235563057802198,12526224
299,1777235563144692678,1777235563147124813,2432135
300,1777235563244448107,1777235563257108477,12660370
301,1777235563344788750,1777235563357393697,12604947
302,1777235563444198981,1777235563456923163,12724182
303,1777235563550210891,1777235563562466256,12255365
304,1777235563650927484,1777235563663311523,12384039
305,1777235563744412763,1777235563758056900,13644137
306,1777235563847637077,1777235563850183769,2546692
307,1777235563950800882,1777235563963208648,12407766
308,1777235564044506405,1777235564047111760,2605355
309,1777235564157650241,1777235564160680838,3030597
310,1777235564249946947,1777235564252179812,2232865
311,1777235564352435029,1777235564354888037,2453008
312,1777235564446136959,1777235564448729567,2592608
313,1777235564549513043,1777235564561541071,12028028
314,1777235564644712346,1777235564647134735,2422389
315,1777235564745126319,1777235564758001167,12874848
316,1777235564844562890,1777235564847454399,2891509
317,1777235564952101497,1777235564954475901,2374404
318,1777235565043442404,1777235565045958835,2516431
319,1777235565146883466,1777235565159967140,13083674
320,1777235565244610728,1777235565257733228,13122500
321,1777235565345450413,1777235565358094108,12643695
322,1777235565445034682,1777235565471589493,26554811
323,1777235565544609729,1777235565557274518,12664789
324,1777235565645067916,1777235565657753264,12685348
325,1777235565744649085,1777235565757711278,13062193
326,1777235565844433522,1777235565856764183,12330661
327,1777235565950968632,1777235565953249258,2280626
328,1777235566045010817,1777235566047965742,2954925
329,1777235566145153110,1777235566148093355,2940245
330,1777235566246548889,1777235566259720698,13171809
331,1777235566344398533,1777235566357994549,13596016
332,1777235566444465810,1777235566457073336,12607526
333,1777235566544379909,1777235566546407914,2028005
334,1777235566644419138,1777235566656864372,12445234
335,1777235566745891970,1777235566766495194,20603224
336,1777235566844107980,1777235566856913444,12805464
337,1777235566945011697,1777235566957718872,12707175
338,1777235567043806732,1777235567056608971,12802239
339,1777235567146668619,1777235567159155124,12486505
340,1777235567244494623,1777235567246092233,1597610
341,1777235567346441540,1777235567348216117,1774577
342,1777235567444032332,1777235567456834512,12802180
343,1777235567547293727,1777235567560784920,13491193
344,1777235567644672051,1777235567647355934,2683883
345,1777235567744523915,1777235567746680562,2156647
346,1777235567844001050,1777235567845950441,1949391
347,1777235567944354036,1777235567957168646,12814610
348,1777235568050833750,1777235568063827226,12993476
349,1777235568145324161,1777235568148091666,2767505
350,1777235568245935663,1777235568248258724,2323061
351,1777235568347909159,1777235568360579634,12670475
352,1777235568444298814,1777235568457016724,12717910
353,1777235568544803538,1777235568547433717,2630179
354,1777235568644647631,1777235568647213799,2566168
355,1777235568744525236,1777235568746774767,2249531
356,1777235568853306852,1777235568856124864,2818012
357,1777235568946201879,1777235568958677168,12475289
358,1777235569044975997,1777235569057586767,12610770
359,1777235569144798304,1777235569147432453,2634149
360,1777235569250222589,1777235569273753695,23531106
361,1777235569346879891,1777235569359892921,13013030
362,1777235569445497526,1777235569447262325,1764799
363,1777235569544747419,1777235569546631921,1884502
364,1777235569646115893,1777235569648218697,2102804
365,1777235569749367227,1777235569751668993,2301766
366,1777235569845093233,1777235569847477802,2384569
367,1777235569947072622,1777235569949597608,2524986
368,1777235570056570248,1777235570059116795,2546547
369,1777235570145512523,1777235570147816051,2303528
370,1777235570244210171,1777235570246388063,2177892
371,1777235570344297473,1777235570346410875,2113402
372,1777235570446234793,1777235570448788226,2553433
373,1777235570544591214,1777235570547362310,2771096
374,1777235570644908462,1777235570647854713,2946251
375,1777235570749017000,1777235570752572166,3555166
376,1777235570843847168,1777235570846796682,2949514
377,1777235570946116719,1777235570948664010,2547291
378,1777235571045414255,1777235571057724338,12310083
379,1777235571146417060,1777235571159191707,12774647
380,1777235571246422261,1777235571249028188,2605927
381,1777235571344449132,1777235571356324190,11875058
382,1777235571449231143,1777235571451814374,2583231
383,1777235571545081453,1777235571546910085,1828632
384,1777235571645042209,1777235571657533075,12490866
385,1777235571744369450,1777235571747014345,2644895
386,1777235571848485619,1777235571870178987,21693368
387,1777235571944617916,1777235571956968921,12351005
388,1777235572044631950,1777235572047141277,2509327
389,1777235572144891013,1777235572157222315,12331302
390,1777235572245499043,1777235572247867363,2368320
391,1777235572344802943,1777235572346971946,2169003
392,1777235572443998104,1777235572455938027,11939923
393,1777235572544570311,1777235572546652634,2082323
394,1777235572644729655,1777235572656750545,12020890
395,1777235572744734900,1777235572746841085,2106185
396,1777235572844213228,1777235572846229556,2016328
397,1777235572944880925,1777235572947017427,2136502
398,1777235573047649623,1777235573049773284,2123661
399,1777235573151623510,1777235573164172058,12548548
400,1777235573245173758,1777235573247458058,2284300
401,1777235573346607589,1777235573359442971,12835382
402,1777235573446496837,1777235573449452258,2955421
403,1777235573545130395,1777235573547764415,2634020
404,1777235573644261773,1777235573646768606,2506833
405,1777235573746197503,1777235573758760917,12563414
406,1777235573844769942,1777235573847274107,2504165
407,1777235573946248300,1777235573948052497,1804197
408,1777235574046340538,1777235574048155446,1814908
409,1777235574144752351,1777235574147184570,2432219
410,1777235574246568251,1777235574248697523,2129272
411,1777235574346471998,1777235574359013906,12541908
412,1777235574444873263,1777235574448386725,3513462
413,1777235574545149384,1777235574548097959,2948575
414,1777235574645124724,1777235574647621292,2496568
415,1777235574749198879,1777235574751412031,2213152
416,1777235574846062584,1777235574848269827,2207243
417,1777235574944676904,1777235574946806860,2129956
418,1777235575056298500,1777235575068528493,12229993
419,1777235575144949487,1777235575147570883,2621396
420,1777235575251939957,1777235575254002294,2062337
421,1777235575344952707,1777235575347420157,2467450
422,1777235575445161809,1777235575456987303,11825494
423,1777235575544392236,1777235575546397130,2004894
424,1777235575645152632,1777235575658132756,12980124
425,1777235575745044310,1777235575747628594,2584284
426,1777235575845372127,1777235575848621526,3249399
427,1777235575947287167,1777235575949050632,1763465
428,1777235576043266521,1777235576045722990,2456469
429,1777235576145024116,1777235576147025398,2001282
430,1777235576244514614,1777235576256555051,12040437
431,1777235576344356889,1777235576357309642,12952753
432,1777235576444071188,1777235576456312197,12241009
433,1777235576547301498,1777235576549921926,2620428
434,1777235576645888098,1777235576648741873,2853775
435,1777235576749877529,1777235576751913241,2035712
436,1777235576851498691,1777235576854156039,2657348
437,1777235576959065307,1777235576972366470,13301163
438,1777235577045379523,1777235577057953852,12574329
439,1777235577144844552,1777235577146924981,2080429
440,1777235577243913426,1777235577256069125,12155699
441,1777235577345618993,1777235577347976633,2357640
442,1777235577444820260,1777235577447389832,2569572
443,1777235577546689515,1777235577548973707,2284192
444,1777235577644724749,1777235577647081853,2357104
445,1777235577746986146,1777235577749056533,2070387
446,1777235577848622490,1777235577861050152,12427662
447,1777235577953030014,1777235577955123306,2093292
448,1777235578047993655,1777235578060218525,12224870
449,1777235578146781276,1777235578149268810,2487534
450,1777235578246263348,1777235578249092518,2829170
451,1777235578344504557,1777235578347033205,2528648
452,1777235578444762263,1777235578456946157,12183894
453,1777235578544594488,1777235578557163602,12569114
454,1777235578645332955,1777235578657931010,12598055
455,1777235578745025264,1777235578757246012,12220748
456,1777235578845314177,1777235578847772194,2458017
457,1777235578944851900,1777235578947690920,2839020
458,1777235579046036342,1777235579048405740,2369398
459,1777235579144600636,1777235579146727394,2126758
460,1777235579257920388,1777235579260658221,2737833
461,1777235579354557127,1777235579357199469,2642342
462,1777235579457931375,1777235579460501500,2570125
463,1777235579563662308,1777235579607571038,43908730
464,1777235579647645215,1777235579649831336,2186121
465,1777235579755080102,1777235579757867383,2787281
466,1777235579861340143,1777235579864582026,3241883
467,1777235579947044155,1777235579950320433,3276278
468,1777235580047878968,1777235580051795756,3916788
469,1777235580159112623,1777235580163087780,3975157
470,1777235580255859093,1777235580258278477,2419384
471,1777235580364388738,1777235580366728402,2339664
472,1777235580448823946,1777235580451466456,2642510
473,1777235580546641192,1777235580549737750,3096558
474,1777235580647313113,1777235580660001857,12688744
475,1777235580758427312,1777235580771264828,12837516
476,1777235580845867760,1777235580848482151,2614391
477,1777235580945173902,1777235580948055020,2881118
478,1777235581046408869,1777235581049644139,3235270
479,1777235581147073749,1777235581149493380,2419631
480,1777235581243855458,1777235581247439824,3584366
481,1777235581346491321,1777235581383330163,36838842
482,1777235581445805910,1777235581448257122,2451212
483,1777235581554626526,1777235581557637011,3010485
484,1777235581655183566,1777235581657305876,2122310
485,1777235581747431076,1777235581750435882,3004806
486,1777235581848944413,1777235581852454062,3509649
487,1777235581955869173,1777235581959069645,3200472
488,1777235582055514569,1777235582069218171,13703602
489,1777235582159432470,1777235582184164440,24731970
490,1777235582264720742,1777235582279745460,15024718
491,1777235582359295988,1777235582372250684,12954696
492,1777235582463494068,1777235582466743831,3249763
493,1777235582560299677,1777235582563556446,3256769
494,1777235582659358109,1777235582662158367,2800258
495,1777235582756614953,1777235582770178336,13563383
496,1777235582850216467,1777235582863604058,13387591
497,1777235582945577841,1777235582948673839,3095998
498,1777235583048372679,1777235583060743966,12371287
499,1777235583145441928,1777235583147491721,2049793
500,1777235583251393053,1777235583263539265,12146212
501,1777235583345154616,1777235583347168542,2013926
502,1777235583446711498,1777235583448435134,1723636
503,1777235583544795845,1777235583557080532,12284687
504,1777235583643572612,1777235583645582292,2009680
505,1777235583744814304,1777235583747577078,2762774
506,1777235583847641400,1777235583849573853,1932453
507,1777235583943498916,1777235583945738472,2239556
508,1777235584044051946,1777235584046052800,2000854
509,1777235584144453411,1777235584146201289,1747878
510,1777235584246309760,1777235584259325790,13016030
511,1777235584344674585,1777235584346356722,1682137
512,1777235584444690963,1777235584446420520,1729557
513,1777235584546271666,1777235584548500196,2228530
514,1777235584644111404,1777235584646906086,2794682
515,1777235584745185519,1777235584747573542,2388023
516,1777235584845966541,1777235584848118462,2151921
517,1777235584953319622,1777235584956001892,2682270
518,1777235585219102505,1777235585246839371,27736866
519,1777235585243272760,1777235585257654061,14381301
520,1777235585255281303,1777235585258569443,3288140
521,1777235585350363652,1777235585362940266,12576614
522,1777235585445626452,1777235585447995086,2368634
523,1777235585545257653,1777235585547583908,2326255
524,1777235585644959767,1777235585657591050,12631283
525,1777235585744626636,1777235585756846610,12219974
526,1777235585845736382,1777235585858322531,12586149
527,1777235585945298367,1777235585957598659,12300292
528,1777235586052439906,1777235586054234272,1794366
529,1777235586151259365,1777235586163481297,12221932
530,1777235586245521180,1777235586257672607,12151427
531,1777235586345537500,1777235586347734676,2197176
532,1777235586444965711,1777235586446985196,2019485
533,1777235586553470837,1777235586555563322,2092485
534,1777235586649418244,1777235586651440835,2022591
535,1777235586747414852,1777235586749840943,2426091
536,1777235586849430763,1777235586873095030,23664267
537,1777235586944824970,1777235586947500581,2675611
538,1777235587047408619,1777235587049497174,2088555
539,1777235587144568358,1777235587147457467,2889109
540,1777235587243668466,1777235587256780410,13111944
541,1777235587347047671,1777235587349023751,1976080
542,1777235587444839401,1777235587447060279,2220878
543,1777235587544540907,1777235587546522585,1981678
544,1777235587644370910,1777235587646520977,2150067
545,1777235587744469777,1777235587756883568,12413791
546,1777235587843329235,1777235587845893223,2563988
547,1777235587944080977,1777235587946720958,2639981
548,1777235588045191425,1777235588048308065,3116640
549,1777235588146514295,1777235588159213519,12699224
550,1777235588244826967,1777235588256795970,11969003
551,1777235588344758385,1777235588356875556,12117171
552,1777235588445823156,1777235588457952281,12129125
553,1777235588545519130,1777235588557970829,12451699
554,1777235588649474784,1777235588661885584,12410800
555,1777235588746431449,1777235588748474540,2043091
556,1777235588846544075,1777235588848312905,1768830
557,1777235588946125102,1777235588948326590,2201488
558,1777235589046048622,1777235589058251975,12203353
559,1777235589146203224,1777235589158515633,12312409
560,1777235589246065676,1777235589258512187,12446511
561,1777235589346153267,1777235589348198821,2045554
562,1777235589445543940,1777235589458448780,12904840
563,1777235589545912628,1777235589558092169,12179541
564,1777235589646699627,1777235589659267679,12568052
565,1777235589746069305,1777235589758543358,12474053
566,1777235589845451474,1777235589858148196,12696722
567,1777235589946623716,1777235589949351572,2727856
568,1777235590045440761,1777235590058622034,13181273
569,1777235590145468582,1777235590157487389,12018807
570,1777235590245859130,1777235590258239035,12379905
571,1777235590345357042,1777235590357343929,11986887
572,1777235590449625660,1777235590451153013,1527353
573,1777235590550773987,1777235590552359552,1585565
574,1777235590646740239,1777235590655574449,8834210
575,1777235590744775471,1777235590756902542,12127071
576,1777235590845245080,1777235590857384682,12139602
577,1777235590945136557,1777235590947168960,2032403
578,1777235591045008119,1777235591056997937,11989818
579,1777235591145052641,1777235591147568022,2515381
580,1777235591245160058,1777235591258039224,12879166
581,1777235591344790023,1777235591347019372,2229349
582,1777235591444947749,1777235591447152378,2204629
583,1777235591544740398,1777235591547224012,2483614
584,1777235591645532428,1777235591648122221,2589793
585,1777235591745048165,1777235591747782314,2734149
586,1777235591845096334,1777235591847420265,2323931
587,1777235591945913242,1777235591968687373,22774131
588,1777235592045590122,1777235592049417327,3827205
589,1777235592150721016,1777235592152764761,2043745
590,1777235592245583137,1777235592257798937,12215800
591,1777235592344760333,1777235592346678066,1917733
592,1777235592445062229,1777235592446838022,1775793
593,1777235592545131207,1777235592547061936,1930729
594,1777235592649498256,1777235592651912257,2414001
595,1777235592749521409,1777235592751479552,1958143
596,1777235592846021636,1777235592858320525,12298889
597,1777235592944878751,1777235592947441283,2562532
598,1777235593048664232,1777235593050487917,1823685
599,1777235593146029323,1777235593158874854,12845531
600,1777235593244941457,1777235593248220379,3278922
601,1777235593344777332,1777235593357228747,12451415
602,1777235593444846724,1777235593456976568,12129844
603,1777235593544812107,1777235593557271105,12458998
604,1777235593645096777,1777235593657718327,12621550
605,1777235593745048842,1777235593757480100,12431258
606,1777235593844440483,1777235593846571354,2130871
607,1777235593945017906,1777235593957562206,12544300
608,1777235594045296522,1777235594047488102,2191580
609,1777235594144975853,1777235594157591687,12615834
610,1777235594245130408,1777235594257652707,12522299
611,1777235594345491273,1777235594358012064,12520791
612,1777235594445338456,1777235594454623762,9285306
613,1777235594551013977,1777235594553460053,2446076
614,1777235594643640198,1777235594645689160,2048962
615,1777235594745666884,1777235594758216237,12549353
616,1777235594845107691,1777235594847683958,2576267
617,1777235594951284084,1777235594963423826,12139742
618,1777235595045719525,1777235595048298120,2578595
619,1777235595157063330,1777235595159625742,2562412
620,1777235595252460660,1777235595254786519,2325859
621,1777235595347456099,1777235595359415635,11959536
622,1777235595449879416,1777235595451593548,1714132
623,1777235595555138372,1777235595557804329,2665957
624,1777235595647536637,1777235595668577083,21040446
625,1777235595744780630,1777235595756992533,12211903
626,1777235595845370565,1777235595857556435,12185870
627,1777235595945396756,1777235595957717722,12320966
628,1777235596046532238,1777235596048548029,2015791
629,1777235596144939580,1777235596157120740,12181160
630,1777235596245338363,1777235596247718703,2380340
631,1777235596344912775,1777235596346592411,1679636
632,1777235596445527916,1777235596447562727,2034811
633,1777235596544713994,1777235596546804384,2090390
634,1777235596645019124,1777235596647664983,2645859
635,1777235596747117508,1777235596749638624,2521116
636,1777235596849524993,1777235596969438572,119913579
637,1777235596945559707,1777235596969978168,24418461
638,1777235597051553983,1777235597064106447,12552464
639,1777235597146454565,1777235597158841682,12387117
640,1777235597243577559,1777235597256280141,12702582
641,1777235597345621404,1777235597358022927,12401523
642,1777235597445404400,1777235597457674541,12270141
643,1777235597545174076,1777235597557496874,12322798
644,1777235597644285328,1777235597656766487,12481159
645,1777235597744768838,1777235597757034627,12265789
646,1777235597845480163,1777235597847500056,2019893
647,1777235597944031155,1777235597956210311,12179156
648,1777235598046473419,1777235598049196324,2722905
649,1777235598144974328,1777235598157783362,12809034
650,1777235598245640853,1777235598247335769,1694916
651,1777235598344129758,1777235598356727898,12598140
652,1777235598445472913,1777235598457899670,12426757
653,1777235598545065120,1777235598546896526,1831406
654,1777235598645508169,1777235598647253062,1744893
655,1777235598745363429,1777235598757806575,12443146
656,1777235598844691052,1777235598857111056,12420004
657,1777235598948827536,1777235598960869902,12042366
658,1777235599045800753,1777235599048421241,2620488
659,1777235599146619482,1777235599149029150,2409668
660,1777235599246455511,1777235599283454907,36999396
661,1777235599344924284,1777235599347029394,2105110
662,1777235599445739060,1777235599458107735,12368675
663,1777235599544919449,1777235599557140307,12220858
664,1777235599647036606,1777235599659024411,11987805
665,1777235599744932827,1777235599757455477,12522650
666,1777235599845346278,1777235599857414412,12068134
667,1777235599944676112,1777235599946984356,2308244
668,1777235600045901147,1777235600058259708,12358561
669,1777235600145512237,1777235600147542426,2030189
670,1777235600245578131,1777235600247722159,2144028
671,1777235600345210952,1777235600347375209,2164257
672,1777235600445991021,1777235600458676688,12685667
673,1777235600544988587,1777235600557998419,13009832
674,1777235600652580016,1777235600654521952,1941936
675,1777235600745281211,1777235600747143589,1862378
676,1777235600843993541,1777235600847146109,3152568
677,1777235600946440739,1777235600958917525,12476786
678,1777235601044814071,1777235601047322829,2508758
679,1777235601146352795,1777235601158520753,12167958
680,1777235601245849778,1777235601258159257,12309479
681,1777235601345109516,1777235601347753999,2644483
682,1777235601446583167,1777235601458926319,12343152
683,1777235601544747808,1777235601546725587,1977779
684,1777235601645478882,1777235601684572831,39093949
685,1777235601746736071,1777235601759108290,12372219
686,1777235601845664418,1777235601857738518,12074100
687,1777235601947107214,1777235601949375592,2268378
688,1777235602047439155,1777235602049486862,2047707
689,1777235602145548387,1777235602147410950,1862563
690,1777235602250166242,1777235602262115396,11949154
691,1777235602346443117,1777235602348498973,2055856
692,1777235602446312546,1777235602458091073,11778527
693,1777235602545351386,1777235602547666050,2314664
694,1777235602652604004,1777235602654615011,2011007
695,1777235602749022699,1777235602750659179,1636480
696,1777235602845711208,1777235602868423973,22712765
697,1777235602945242962,1777235602948141395,2898433
698,1777235603045398004,1777235603057510811,12112807
699,1777235603147752699,1777235603149942858,2190159
700,1777235603249045456,1777235603260877215,11831759
701,1777235603345945534,1777235603348026416,2080882
702,1777235603445248435,1777235603457462319,12213884
703,1777235603545327809,1777235603547293189,1965380
704,1777235603644752087,1777235603657029928,12277841
705,1777235603745023385,1777235603757683823,12660438
706,1777235603845350816,1777235603857753122,12402306
707,1777235603945245617,1777235603947365321,2119704
708,1777235604045094223,1777235604047252498,2158275
709,1777235604146081844,1777235604159275264,13193420
710,1777235604245198043,1777235604257497923,12299880
711,1777235604345032852,1777235604346960246,1927394
712,1777235604445196286,1777235604447089385,1893099
713,1777235604545170425,1777235604557348809,12178384
714,1777235604645085077,1777235604658176111,13091034
715,1777235604745125452,1777235604747203727,2078275
716,1777235604844989208,1777235604847114545,2125337
717,1777235604945368276,1777235604957512016,12143740
718,1777235605045522988,1777235605057808860,12285872
719,1777235605144793126,1777235605156962827,12169701
720,1777235605244743925,1777235605246718230,1974305
721,1777235605344181293,1777235605346638491,2457198
722,1777235605445529484,1777235605448594143,3064659
723,1777235605546401021,1777235605548285325,1884304
724,1777235605643505124,1777235605655959827,12454703
725,1777235605745250718,1777235605757196947,11946229
726,1777235605845718823,1777235605847920674,2201851
727,1777235605947743994,1777235605960000348,12256354
728,1777235606044815566,1777235606047192068,2376502
729,1777235606147158423,1777235606148941035,1782612
730,1777235606245411226,1777235606248072168,2660942
731,1777235606346676389,1777235606358915696,12239307
732,1777235606444996277,1777235606457366263,12369986
733,1777235606545876704,1777235606547981662,2104958
734,1777235606645315292,1777235606657666464,12351172
735,1777235606746375397,1777235606759765062,13389665
736,1777235606845790896,1777235606848234697,2443801
737,1777235606945270921,1777235606947410597,2139676
738,1777235607045613768,1777235607047709971,2096203
739,1777235607143595105,1777235607145607259,2012154
740,1777235607245143030,1777235607257596294,12453264
741,1777235607345087474,1777235607347459299,2371825
742,1777235607455994348,1777235607468216270,12221922
743,1777235607544926648,1777235607546913083,1986435
744,1777235607645386184,1777235607647459704,2073520
745,1777235607745515096,1777235607757543014,12027918
746,1777235607845428493,1777235607847856415,2427922
747,1777235607945214519,1777235607947553683,2339164
748,1777235608044668422,1777235608057010914,12342492
749,1777235608144598389,1777235608146316964,1718575
750,1777235608245391734,1777235608257737568,12345834
751,1777235608345647587,1777235608348476533,2828946
752,1777235608445136933,1777235608447397461,2260528
753,1777235608544921947,1777235608546882767,1960820
754,1777235608645859428,1777235608648447025,2587597
755,1777235608745580536,1777235608747787346,2206810
756,1777235608845464526,1777235608848301747,2837221
757,1777235608949074201,1777235608951152376,2078175
758,1777235609047909848,1777235609060143294,12233446
759,1777235609148070295,1777235609160271539,12201244
760,1777235609245538203,1777235609247847915,2309712
761,1777235609345325991,1777235609358442581,13116590
762,1777235609446161199,1777235609448798548,2637349
763,1777235609552649969,1777235609554959850,2309881
764,1777235609647725283,1777235609649523653,1798370
765,1777235609744966760,1777235609747048406,2081646
766,1777235609846287357,1777235609858327249,12039892
767,1777235609945409760,1777235609957534041,12124281
768,1777235610052397669,1777235610054536816,2139147
769,1777235610150401136,1777235610162063097,11661961
770,1777235610244891527,1777235610246431030,1539503
771,1777235610344861040,1777235610346678771,1817731
772,1777235610451193353,1777235610454041859,2848506
773,1777235610553914233,1777235610556011424,2097191
774,1777235610645627084,1777235610658024921,12397837
775,1777235610745500106,1777235610758073358,12573252
776,1777235610845536911,1777235610858184837,12647926
777,1777235610945160091,1777235610957949294,12789203
778,1777235611045572753,1777235611058186517,12613764
779,1777235611145348493,1777235611147343630,1995137
780,1777235611245211715,1777235611257542748,12331033
781,1777235611345081983,1777235611357613006,12531023
782,1777235611445263627,1777235611447592018,2328391
783,1777235611545141100,1777235611547893933,2752833
784,1777235611656424107,1777235611672401957,15977850
785,1777235611752861946,1777235611755317149,2455203
786,1777235611845614708,1777235611847831139,2216431
787,1777235611945714758,1777235611957867456,12152698
788,1777235612044927409,1777235612056975695,12048286
789,1777235612146091452,1777235612148777881,2686429
790,1777235612249945081,1777235612261821594,11876513
791,1777235612346287290,1777235612348385238,2097948
792,1777235612445585610,1777235612447532740,1947130
793,1777235612545794101,1777235612558095698,12301597
794,1777235612646589607,1777235612659711187,13121580
795,1777235612746089475,1777235612758535940,12446465
796,1777235612845614965,1777235612858503204,12888239
797,1777235612946252904,1777235612961350558,15097654
798,1777235613048186185,1777235613050474879,2288694
799,1777235613147878411,1777235613150173804,2295393
800,1777235613246832339,1777235613249227383,2395044
801,1777235613344889056,1777235613357240623,12351567
802,1777235613446375824,1777235613458498344,12122520
803,1777235613544908897,1777235613547956725,3047828
804,1777235613647433854,1777235613660479070,13045216
805,1777235613745612308,1777235613748074746,2462438
806,1777235613845988951,1777235613858802599,12813648
807,1777235613947698471,1777235613960307893,12609422
808,1777235614045594722,1777235614058138514,12543792
809,1777235614145442781,1777235614148822404,3379623
810,1777235614246667911,1777235614259269590,12601679
811,1777235614344499204,1777235614357605953,13106749
812,1777235614445343050,1777235614457816471,12473421
813,1777235614545483817,1777235614558546209,13062392
814,1777235614650315956,1777235614652216320,1900364
815,1777235614745316069,1777235614757825864,12509795
816,1777235614848710104,1777235614861110528,12400424
817,1777235614945277289,1777235614957723377,12446088
818,1777235615045829826,1777235615058519750,12689924
819,1777235615145980138,1777235615158291150,12311012
820,1777235615245808067,1777235615258042991,12234924
821,1777235615347675035,1777235615356612975,8937940
822,1777235615445568287,1777235615448007362,2439075
823,1777235615546076009,1777235615548159118,2083109
824,1777235615645955110,1777235615647990812,2035702
825,1777235615745426921,1777235615747212661,1785740
826,1777235615846124746,1777235615848224694,2099948
827,1777235615950319936,1777235615952720816,2400880
828,1777235616045787412,1777235616048504490,2717078
829,1777235616146028287,1777235616148491509,2463222
830,1777235616245837011,1777235616248297235,2460224
831,1777235616348083302,1777235616350660970,2577668
832,1777235616446175509,1777235616458644312,12468803
833,1777235616546501215,1777235616549224788,2723573
834,1777235616645086171,1777235616658374651,13288480
835,1777235616746593907,1777235616758700543,12106636
836,1777235616846568951,1777235616858491291,11922340
837,1777235616946251108,1777235616958595895,12344787
838,1777235617047036578,1777235617049180284,2143706
839,1777235617145892790,1777235617148407619,2514829
840,1777235617247961206,1777235617260538294,12577088
841,1777235617345461907,1777235617347545076,2083169
842,1777235617446069652,1777235617458271707,12202055
843,1777235617545670329,1777235617547621406,1951077
844,1777235617645449260,1777235617657911867,12462607
845,1777235617748091740,1777235617750215026,2123286
846,1777235617847844517,1777235617849949443,2104926
847,1777235617944252334,1777235617957560764,13308430
848,1777235618046563046,1777235618059191799,12628753
849,1777235618145662257,1777235618157695256,12032999
850,1777235618245613126,1777235618257951724,12338598
851,1777235618345692158,1777235618357750395,12058237
852,1777235618445613219,1777235618447754271,2141052
853,1777235618545554894,1777235618547457135,1902241
854,1777235618644370183,1777235618646481440,2111257
855,1777235618745848136,1777235618747687671,1839535
856,1777235618845898324,1777235618848067138,2168814
857,1777235618944998779,1777235618947540055,2541276
858,1777235619046048521,1777235619048413965,2365444
859,1777235619154064485,1777235619259418897,105354412
860,1777235619245949301,1777235619260298745,14349444
861,1777235619353220009,1777235619355754046,2534037
862,1777235619451105267,1777235619463692325,12587058
863,1777235619547587390,1777235619549503542,1916152
864,1777235619646731749,1777235619648638414,1906665
865,1777235619745468159,1777235619757706892,12238733
866,1777235619845114693,1777235619847097573,1982880
867,1777235619946606732,1777235619958930743,12324011
868,1777235620045630796,1777235620058089629,12458833
869,1777235620145953821,1777235620158313845,12360024
870,1777235620246229880,1777235620248207984,1978104
871,1777235620346168241,1777235620348911412,2743171
872,1777235620456955513,1777235620497624298,40668785
873,1777235620546622866,1777235620559122914,12500048
874,1777235620646865921,1777235620649642715,2776794
875,1777235620746554812,1777235620759163520,12608708
876,1777235620846834680,1777235620848780423,1945743
877,1777235620947624460,1777235620950075129,2450669
878,1777235621048348999,1777235621050721056,2372057
879,1777235621152003941,1777235621155208956,3205015
880,1777235621253789241,1777235621256133532,2344291
881,1777235621347017827,1777235621359553354,12535527
882,1777235621446178852,1777235621459443241,13264389
883,1777235621545354035,1777235621557754664,12400629
884,1777235621647373399,1777235621659902128,12528729
885,1777235621745475106,1777235621748041002,2565896
886,1777235621851081351,1777235621875053252,23971901
887,1777235621951716278,1777235621963752769,12036491
888,1777235622045703730,1777235622057768589,12064859
889,1777235622145720753,1777235622157904964,12184211
890,1777235622247342715,1777235622259302506,11959791
891,1777235622346645247,1777235622358934741,12289494
892,1777235622446444547,1777235622448977721,2533174
893,1777235622545989699,1777235622548646165,2656466
894,1777235622652691731,1777235622665394442,12702711
895,1777235622751412506,1777235622753292452,1879946
896,1777235622847089423,1777235622849377448,2288025
897,1777235622946303447,1777235622948607278,2303831
898,1777235623049489724,1777235623161446420,111956696
899,1777235623147511500,1777235623161910614,14399114
900,1777235623248149395,1777235623260185721,12036326
901,1777235623347650448,1777235623360363250,12712802
902,1777235623447630437,1777235623460578374,12947937
903,1777235623545506324,1777235623557991583,12485259
904,1777235623647101142,1777235623649488128,2386986
905,1777235623748650178,1777235623751274290,2624112
906,1777235623850523616,1777235623853618894,3095278
907,1777235623952790225,1777235623966550958,13760733
908,1777235624051641069,1777235624054709018,3067949
909,1777235624155220957,1777235624158875487,3654530
910,1777235624251386486,1777235624263935499,12549013
911,1777235624350434500,1777235624364226565,13792065
912,1777235624450685751,1777235624464662446,13976695
913,1777235624560011456,1777235624564899545,4888089
914,1777235624661755665,1777235624664896094,3140429
915,1777235624761337675,1777235624765114237,3776562
916,1777235624871007107,1777235624874607369,3600262
917,1777235624950090908,1777235624954762540,4671632
918,1777235625067063767,1777235625070977831,3914064
919,1777235625157404060,1777235625170185757,12781697
920,1777235625266690844,1777235625283120734,16429890
921,1777235625356623745,1777235625359142118,2518373
922,1777235625462158223,1777235625464952975,2794752
923,1777235625562017474,1777235625564948809,2931335
924,1777235625661041781,1777235625664714362,3672581
925,1777235625748538595,1777235625751574860,3036265
926,1777235625860696734,1777235625863804812,3108078
927,1777235625959296782,1777235625962318679,3021897
928,1777235626058897655,1777235626071640228,12742573
929,1777235626160930575,1777235626182258371,21327796
930,1777235626261212273,1777235626265224434,4012161
931,1777235626368960980,1777235626381889350,12928370
932,1777235626448004442,1777235626450610666,2606224
933,1777235626549957169,1777235626552903985,2946816
934,1777235626663299664,1777235626666133326,2833662
935,1777235626760197711,1777235626763001139,2803428
936,1777235626861519582,1777235626874219185,12699603
937,1777235626948477258,1777235626962211713,13734455
938,1777235627046453387,1777235627049274301,2820914
939,1777235627164940062,1777235627178717630,13777568
940,1777235627263557449,1777235627266616757,3059308
941,1777235627361352002,1777235627364120268,2768266
942,1777235627463247550,1777235627466035515,2787965
943,1777235627556283474,1777235627558474223,2190749
944,1777235627645629860,1777235627647843854,2213994
945,1777235627747354524,1777235627750154441,2799917
946,1777235627846235353,1777235627858246644,12011291
947,1777235627948115323,1777235627950812577,2697254
948,1777235628046382369,1777235628048465496,2083127
949,1777235628145476364,1777235628147946976,2470612
950,1777235628246313101,1777235628258761872,12448771
951,1777235628345657882,1777235628348393992,2736110
952,1777235628446310966,1777235628458470081,12159115
953,1777235628555029985,1777235628557703871,2673886
954,1777235628655578399,1777235628657611578,2033179
955,1777235628754981653,1777235628767108245,12126592
956,1777235628845576022,1777235628857877641,12301619
957,1777235628946586728,1777235628959074768,12488040
958,1777235629046942937,1777235629050076343,3133406
959,1777235629148122392,1777235629151200322,3077930
960,1777235629254496461,1777235629257021046,2524585
961,1777235629351866832,1777235629354369545,2502713
962,1777235629453515158,1777235629465746076,12230918
963,1777235629546249230,1777235629558476841,12227611
964,1777235629646120800,1777235629658315426,12194626
965,1777235629746148254,1777235629758866736,12718482
966,1777235629847194969,1777235629859585504,12390535
967,1777235629946266805,1777235629958364013,12097208
968,1777235630045887922,1777235630058096025,12208103
969,1777235630145823035,1777235630158127711,12304676
970,1777235630246574606,1777235630258844027,12269421
971,1777235630345550648,1777235630348402800,2852152
972,1777235630446484595,1777235630449154980,2670385
973,1777235630545928841,1777235630557998780,12069939
974,1777235630646008243,1777235630659275970,13267727
975,1777235630746763694,1777235630749077508,2313814
976,1777235630846990061,1777235630849293933,2303872
977,1777235630946236821,1777235630948900765,2663944
978,1777235631046389662,1777235631059099712,12710050
979,1777235631145973230,1777235631148609120,2635890
980,1777235631246765908,1777235631259232115,12466207
981,1777235631346422596,1777235631359236054,12813458
982,1777235631446163775,1777235631458691752,12527977
983,1777235631546196624,1777235631558603362,12406738
984,1777235631645814709,1777235631658073918,12259209
985,1777235631748689039,1777235631751920989,3231950
986,1777235631845902367,1777235631847619497,1717130
987,1777235631945548242,1777235631948204142,2655900
988,1777235632051588583,1777235632053930395,2341812
989,1777235632145338609,1777235632157554029,12215420
990,1777235632251819475,1777235632254052318,2232843
991,1777235632350576726,1777235632362869372,12292646
992,1777235632445753825,1777235632447483873,1730048
993,1777235632550677171,1777235632552310303,1633132
994,1777235632648814898,1777235632650826312,2011414
995,1777235632748097111,1777235632760537775,12440664
996,1777235632846612015,1777235632858878995,12266980
997,1777235632947757204,1777235632959797350,12040146
998,1777235633045794218,1777235633048318132,2523914
999,1777235633145490364,1777235633148448558,2958194
1000,1777235633251013884,1777235633252641740,1627856
1001,1777235633346652204,1777235633348582717,1930513
1002,1777235633446278662,1777235633448222307,1943645
1003,1777235633546079937,1777235633558205648,12125711
1004,1777235633646472885,1777235633648318429,1845544
1005,1777235633746456386,1777235633748432579,1976193
1006,1777235633847821438,1777235633849818162,1996724
1007,1777235633946094122,1777235633947975726,1881604
1008,1777235634046168818,1777235634058262465,12093647
1009,1777235634145900471,1777235634157717540,11817069
1010,1777235634245972988,1777235634247626641,1653653
1011,1777235634345885126,1777235634358972409,13087283
1012,1777235634444933074,1777235634447152851,2219777
1013,1777235634546178040,1777235634548191559,2013519
1014,1777235634645789423,1777235634657895374,12105951
1015,1777235634746136277,1777235634748240349,2104072
1016,1777235634846401180,1777235634848138576,1737396
1017,1777235634947517132,1777235634949734254,2217122
1018,1777235635046425016,1777235635048254614,1829598
1019,1777235635146066588,1777235635158677195,12610607
1020,1777235635246201661,1777235635258938163,12736502
1021,1777235635347145696,1777235635359861683,12715987
1022,1777235635447261047,1777235635449732142,2471095
1023,1777235635546561597,1777235635559245749,12684152
1024,1777235635646925029,1777235635661016482,14091453
1025,1777235635746694346,1777235635759431261,12736915
1026,1777235635851210237,1777235635863247522,12037285
1027,1777235635946082166,1777235635958250867,12168701
1028,1777235636045965470,1777235636058337158,12371688
1029,1777235636147230273,1777235636159741449,12511176
1030,1777235636246031575,1777235636258430836,12399261
1031,1777235636345785778,1777235636348532043,2746265
1032,1777235636447915879,1777235636460465300,12549421
1033,1777235636546930338,1777235636559888976,12958638
1034,1777235636647325221,1777235636659686410,12361189
1035,1777235636745328598,1777235636757991150,12662552
1036,1777235636846678198,1777235636848642131,1963933
1037,1777235636945792976,1777235636949731990,3939014
1038,1777235637046567528,1777235637059082620,12515092
1039,1777235637145874168,1777235637158485859,12611691
1040,1777235637247328013,1777235637250423992,3095979
1041,1777235637346114189,1777235637358604495,12490306
1042,1777235637446098363,1777235637458546694,12448331
1043,1777235637546396067,1777235637558798331,12402264
1044,1777235637655400293,1777235637667580364,12180071
1045,1777235637746959308,1777235637759556527,12597219
1046,1777235637851119233,1777235637863364315,12245082
1047,1777235637945931091,1777235637958194008,12262917
1048,1777235638051806022,1777235638054273616,2467594
1049,1777235638148048805,1777235638160742211,12693406
1050,1777235638245924828,1777235638248495463,2570635
1051,1777235638347370021,1777235638349547463,2177442
1052,1777235638446960939,1777235638449169471,2208532
1053,1777235638552098095,1777235638554360334,2262239
1054,1777235638648946539,1777235638661005370,12058831
1055,1777235638746431823,1777235638758627601,12195778
1056,1777235638847068151,1777235638859105149,12036998
1057,1777235638945556268,1777235638948013868,2457600
1058,1777235639054732881,1777235639066716521,11983640
1059,1777235639147304843,1777235639159346847,12042004
1060,1777235639246338824,1777235639248170063,1831239
1061,1777235639346451995,1777235639348314045,1862050
1062,1777235639445982629,1777235639459000505,13017876
1063,1777235639546463638,1777235639548286896,1823258
1064,1777235639646552558,1777235639648463872,1911314
1065,1777235639746225041,1777235639748294981,2069940
1066,1777235639845861756,1777235639847940186,2078430
1067,1777235639946045853,1777235639958583335,12537482
1068,1777235640046656688,1777235640059387547,12730859
1069,1777235640146588863,1777235640149328702,2739839
1070,1777235640246817304,1777235640259449375,12632071
1071,1777235640348311421,1777235640360806574,12495153
1072,1777235640446327927,1777235640459604173,13276246
1073,1777235640545997625,1777235640558444503,12446878
1074,1777235640645946833,1777235640648327668,2380835
1075,1777235640751783717,1777235640754492820,2709103
1076,1777235640846409214,1777235640848542694,2133480
1077,1777235640946844870,1777235640959462155,12617285
1078,1777235641046273370,1777235641058225226,11951856
1079,1777235641156323722,1777235641158678844,2355122
1080,1777235641253977338,1777235641256214990,2237652
1081,1777235641348833079,1777235641361064569,12231490
1082,1777235641446662909,1777235641449062796,2399887
1083,1777235641549540951,1777235641551538366,1997415
1084,1777235641646315138,1777235641648491597,2176459
1085,1777235641750980825,1777235641763100967,12120142
1086,1777235641850576123,1777235641852554044,1977921
1087,1777235641947776373,1777235641950302851,2526478
1088,1777235642050571990,1777235642053336989,2764999
1089,1777235642146512281,1777235642158987545,12475264
1090,1777235642246176248,1777235642258319047,12142799
1091,1777235642347207212,1777235642359525319,12318107
1092,1777235642446093559,1777235642458320348,12226789
1093,1777235642545075397,1777235642558137278,13061881
1094,1777235642646532936,1777235642659429204,12896268
1095,1777235642751832014,1777235642753666668,1834654
1096,1777235642846658855,1777235642858897626,12238771
1097,1777235642946972751,1777235642959399519,12426768
1098,1777235643046566405,1777235643059294155,12727750
1099,1777235643147647850,1777235643149913040,2265190
1100,1777235643247950284,1777235643260480983,12530699
1101,1777235643346210451,1777235643348170308,1959857
1102,1777235643446927065,1777235643458872022,11944957
1103,1777235643546709787,1777235643559176537,12466750
1104,1777235643646596556,1777235643659016909,12420353
1105,1777235643746899080,1777235643759174451,12275371
1106,1777235643845964467,1777235643858210303,12245836
1107,1777235643947609416,1777235643960298963,12689547
1108,1777235644045367068,1777235644057575460,12208392
1109,1777235644145242757,1777235644146894551,1651794
1110,1777235644247278333,1777235644259670909,12392576
1111,1777235644345596992,1777235644347270808,1673816
1112,1777235644446146719,1777235644458397689,12250970
1113,1777235644545572859,1777235644570699647,25126788
1114,1777235644645519530,1777235644647247812,1728282
1115,1777235644745734016,1777235644747753434,2019418
1116,1777235644847426633,1777235644849470431,2043798
1117,1777235644945062477,1777235644957519996,12457519
1118,1777235645045090430,1777235645057533867,12443437
1119,1777235645146677199,1777235645150013763,3336564
1120,1777235645245003810,1777235645247001502,1997692
1121,1777235645346368120,1777235645348779205,2411085
1122,1777235645446077205,1777235645448149669,2072464
1123,1777235645545191134,1777235645557961414,12770280
1124,1777235645645087992,1777235645657300363,12212371
1125,1777235645746965100,1777235645759442351,12477251
1126,1777235645846154029,1777235645859180277,13026248
1127,1777235645946728541,1777235645948524977,1796436
1128,1777235646182997890,1777235646209877319,26879429
1129,1777235646206733514,1777235646211444389,4710875
1130,1777235646263519195,1777235646267138143,3618948
1131,1777235646354995520,1777235646367851085,12855565
1132,1777235646447949006,1777235646451423618,3474612
1133,1777235646546040085,1777235646548453441,2413356
1134,1777235646654344805,1777235646656402799,2057994
1135,1777235646752678800,1777235646754316408,1637608
1136,1777235646846329284,1777235646848295676,1966392
1137,1777235646946289376,1777235646948603746,2314370
1138,1777235647046493078,1777235647059571448,13078370
1139,1777235647147084118,1777235647149533002,2448884
1140,1777235647246852979,1777235647249043617,2190638
1141,1777235647349988505,1777235647352023226,2034721
1142,1777235647446523397,1777235647448646263,2122866
1143,1777235647546428489,1777235647548681601,2253112
1144,1777235647646218877,1777235647648340344,2121467
1145,1777235647746731108,1777235647748771102,2039994
1146,1777235647845181349,1777235647847487145,2305796
1147,1777235647946731672,1777235647949562904,2831232
1148,1777235648047854624,1777235648050230246,2375622
1149,1777235648154391975,1777235648156687939,2295964
1150,1777235648255942657,1777235648258986283,3043626
1151,1777235648351916799,1777235648354142694,2225895
1152,1777235648448424348,1777235648450582594,2158246
1153,1777235648546942507,1777235648548984616,2042109
1154,1777235648655699919,1777235648658104034,2404115
1155,1777235648753931258,1777235648756326197,2394939
1156,1777235648853793501,1777235648856410928,2617427
1157,1777235648951879852,1777235648953720292,1840440
1158,1777235649045799097,1777235649048097723,2298626
1159,1777235649146622282,1777235649148850930,2228648
1160,1777235649248870434,1777235649251029007,2158573
1161,1777235649349090695,1777235649351353875,2263180
1162,1777235649447301555,1777235649449918772,2617217
1163,1777235649555172158,1777235649558318836,3146678
1164,1777235649651386950,1777235649653223435,1836485
1165,1777235649747347460,1777235649759700914,12353454
1166,1777235649847297629,1777235649849664377,2366748
1167,1777235649946743453,1777235649948680338,1936885
1168,1777235650046130061,1777235650048547895,2417834
1169,1777235650146264201,1777235650148384296,2120095
1170,1777235650246859495,1777235650259312687,12453192
1171,1777235650346981613,1777235650359303108,12321495
1172,1777235650447666634,1777235650449918933,2252299
1173,1777235650546455654,1777235650548351368,1895714
1174,1777235650645262280,1777235650647391834,2129554
1175,1777235650746489329,1777235650748500717,2011388
1176,1777235650848442981,1777235650861269136,12826155
1177,1777235650947089502,1777235650948865781,1776279
1178,1777235651047817333,1777235651060024162,12206829
1179,1777235651148968657,1777235651151652852,2684195
1180,1777235651258431976,1777235651272059401,13627425
1181,1777235651347866117,1777235651350255555,2389438
1182,1777235651447470358,1777235651450138596,2668238
1183,1777235651545689392,1777235651547957528,2268136
1184,1777235651646767206,1777235651648618913,1851707
1185,1777235651746404975,1777235651749091910,2686935
1186,1777235651848430388,1777235651861355219,12924831
1187,1777235651947662596,1777235651960650509,12987913
1188,1777235652046270704,1777235652058787134,12516430
1189,1777235652147161988,1777235652150383473,3221485
1190,1777235652248218037,1777235652261805895,13587858
1191,1777235652346456170,1777235652358701045,12244875
1192,1777235652446517319,1777235652449034182,2516863
1193,1777235652554704191,1777235652566893297,12189106
1194,1777235652648044636,1777235652660539686,12495050
1195,1777235652747498177,1777235652759857442,12359265
1196,1777235652847205856,1777235652859557333,12351477
1197,1777235652948492132,1777235652960787417,12295285
1198,1777235653048150435,1777235653060799667,12649232
1199,1777235653148309776,1777235653150448818,2139042
